announcement_id,company_id,company_name,title,announcement_date,text,category
A001,900001,示例芯片,"关于2025年度向特定对象发行股票预案的公告",2025-06-10,,定增_配股
A002,900001,示例芯片,"关于2025年度向特定对象发行股票申请获得交易所受理的公告",2025-09-18,,定增_配股
A003,900001,示例芯片,"关于2025年度向特定对象发行股票获得同意注册批复的公告",2026-01-12,,定增_配股
A004,900001,示例芯片,"关于2025年度向特定对象发行股票发行情况报告书",2026-04-20,,定增_配股
H001,900002,示例装备,"关于筹划发行H股股票并在香港联交所上市的公告",2026-01-05,,分拆_H股_REITs
H002,900002,示例装备,"关于聘请H股发行及上市审计机构的公告",2026-02-10,,分拆_H股_REITs
H003,900002,示例装备,"关于向香港联交所递交境外上市外资股（H股）发行并上市申请并刊发申请资料的公告",2026-05-08,,分拆_H股_REITs
H004,900002,示例装备,"H股公告-证券变动月报表",2026-06-01,,分拆_H股_REITs
M001,900003,示例软件,"关于筹划发行股份购买资产事项的公告",2025-11-03,,并购重组
M002,900003,示例软件,"关于取消发行股份购买资产配套资金募集暨交易方案不构成重大调整的说明",2026-01-15,,并购重组
M003,900003,示例软件,"关于发行股份购买资产报告书草案的公告",2026-03-20,,并购重组
P001,900004,示例材料,"关于投资建设Alpha高端材料项目的公告",2026-01-21,,重大项目_扩产
P002,900004,示例材料,"关于Alpha高端材料项目建设进展的公告",2026-04-21,,重大项目_扩产
P003,900004,示例材料,"关于投资建设Beta电子材料项目的公告",2026-02-15,,重大项目_扩产
C001,900005,示例电子,"关于使用闲置自有资金进行现金管理的公告",2026-05-30,,现金管理
R001,900006,示例通信,"关于2025年度向特定对象发行股票发行情况报告书",2026-01-02,,定增_配股
R002,900006,示例通信,"关于2026年度向特定对象发行股票预案的公告",2026-07-01,,定增_配股
X001,900007,示例服务,"关于召开年度股东大会的通知",2026-06-20,,
